longitude,latitude,housing_median_age,total_rooms,total_bedrooms,population,households,median_income,median_house_value,ocean_proximity
-118.04,34.17,52.0,1885.0,401.0,764.0,373.0,4.0385,265700.0,INLAND
-118.48,34.07,37.0,4042.0,549.0,1318.0,542.0,12.8665,500001.0,<1H OCEAN
-119.85,36.82,15.0,1387.0,236.0,638.0,195.0,5.5842,88900.0,INLAND
-122.01,38.26,12.0,4132.0,710.0,2087.0,633.0,4.5987,139700.0,INLAND
-117.08,32.74,35.0,1434.0,253.0,753.0,228.0,2.3812,135100.0,NEAR OCEAN
-118.2,34.04,18.0,796.0,227.0,547.0,218.0,1.0333,135400.0,<1H OCEAN
-120.44,37.31,16.0,3369.0,532.0,1770.0,574.0,5.2662,126200.0,INLAND
-122.34,41.21,26.0,178.0,40.0,55.0,25.0,2.0375,57500.0,INLAND
-118.3,33.82,26.0,2080.0,560.0,2096.0,506.0,2.8106,184400.0,<1H OCEAN
-118.2,33.99,31.0,1186.0,387.0,2087.0,409.0,1.9132,154600.0,<1H OCEAN
-117.11,33.19,15.0,3154.0,488.0,1656.0,429.0,5.0461,222400.0,<1H OCEAN
-121.7,36.6,19.0,3562.0,530.0,1607.0,505.0,5.0162,283100.0,<1H OCEAN
-122.23,37.76,52.0,1316.0,177.0,378.0,162.0,5.2915,333000.0,NEAR BAY
-122.3,37.52,38.0,2769.0,387.0,994.0,395.0,5.5902,417000.0,NEAR OCEAN
-118.27,33.99,41.0,656.0,162.0,730.0,170.0,1.8047,101800.0,<1H OCEAN
-118.39,34.08,52.0,1244.0,304.0,444.0,282.0,3.5114,430800.0,<1H OCEAN
-120.19,36.6,25.0,875.0,214.0,931.0,214.0,1.5536,58300.0,INLAND
-118.13,33.91,36.0,1967.0,316.0,910.0,306.0,4.4948,190600.0,<1H OCEAN
-117.93,33.64,24.0,1395.0,396.0,1478.0,404.0,2.5301,192900.0,<1H OCEAN
-122.05,36.96,30.0,971.0,185.0,644.0,173.0,4.2045,226500.0,NEAR OCEAN
-118.39,34.03,25.0,3442.0,1050.0,1890.0,914.0,3.0574,319400.0,<1H OCEAN
-122.03,37.36,28.0,2490.0,345.0,948.0,361.0,6.4913,411900.0,<1H OCEAN
-117.26,33.19,4.0,2342.0,595.0,1518.0,545.0,2.9469,216100.0,NEAR OCEAN
-123.63,41.11,19.0,1797.0,384.0,1033.0,327.0,1.4911,59200.0,<1H OCEAN
-121.05,38.97,12.0,3676.0,550.0,1572.0,510.0,4.8214,201900.0,INLAND
-121.79,38.0,34.0,3090.0,593.0,1588.0,566.0,3.6118,124700.0,INLAND
-117.65,33.48,6.0,1638.0,188.0,572.0,174.0,13.0502,500001.0,<1H OCEAN
-122.27,37.84,52.0,2436.0,541.0,1015.0,478.0,1.725,113900.0,NEAR BAY
-119.04,34.23,21.0,9807.0,1614.0,4199.0,1554.0,5.0145,246600.0,<1H OCEAN
-118.44,34.25,33.0,1121.0,231.0,1038.0,236.0,4.8958,173700.0,<1H OCEAN
-119.59,36.52,35.0,990.0,192.0,674.0,178.0,3.3214,101600.0,INLAND
-118.3,37.17,22.0,3480.0,673.0,1541.0,636.0,2.75,94500.0,INLAND
-117.44,33.93,34.0,1577.0,272.0,880.0,284.0,4.6327,116000.0,INLAND
-119.21,34.26,26.0,2406.0,411.0,1313.0,391.0,4.9079,234100.0,NEAR OCEAN
-122.41,37.8,52.0,1394.0,395.0,1700.0,400.0,2.75,168800.0,NEAR BAY
-118.41,34.18,30.0,2008.0,513.0,1052.0,496.0,3.0119,262200.0,<1H OCEAN
-117.77,33.85,13.0,5415.0,827.0,2061.0,714.0,7.3681,353100.0,<1H OCEAN
-122.14,37.73,43.0,2264.0,390.0,931.0,368.0,3.8125,235100.0,NEAR BAY
-118.09,34.11,45.0,1883.0,275.0,764.0,289.0,6.5078,414800.0,<1H OCEAN
-118.06,33.89,26.0,2483.0,412.0,1538.0,449.0,5.1104,220500.0,<1H OCEAN
-117.88,33.78,26.0,3141.0,670.0,1572.0,724.0,3.3472,237400.0,<1H OCEAN
-118.32,33.86,32.0,3485.0,678.0,1715.0,649.0,4.6563,291700.0,<1H OCEAN
-117.41,34.08,38.0,1541.0,290.0,861.0,299.0,3.5655,95600.0,INLAND
-117.92,34.13,42.0,1762.0,398.0,1526.0,365.0,2.8643,132600.0,INLAND
-118.65,36.57,20.0,1431.0,416.0,570.0,225.0,1.4821,143300.0,INLAND
-117.99,33.83,25.0,3434.0,835.0,1749.0,657.0,3.2539,199000.0,<1H OCEAN
-118.35,34.25,34.0,2795.0,460.0,1267.0,443.0,6.1464,354400.0,<1H OCEAN
-121.29,38.0,12.0,4038.0,1074.0,3440.0,942.0,1.9698,112300.0,INLAND
-117.18,34.48,8.0,3561.0,691.0,2156.0,659.0,2.7778,86900.0,INLAND
-118.55,34.37,21.0,7010.0,1063.0,3331.0,1038.0,6.776,278100.0,<1H OCEAN
-114.61,33.62,16.0,1187.0,261.0,1115.0,242.0,2.1759,61500.0,INLAND
-121.31,38.65,21.0,2759.0,409.0,1053.0,374.0,5.5,165700.0,INLAND
-118.34,34.06,52.0,1482.0,336.0,768.0,300.0,3.7167,327300.0,<1H OCEAN
-118.21,33.92,36.0,602.0,150.0,645.0,145.0,3.1964,115400.0,<1H OCEAN
-118.28,34.05,28.0,1306.0,637.0,2079.0,598.0,1.4615,275000.0,<1H OCEAN
-118.02,33.76,27.0,2905.0,587.0,1781.0,561.0,4.25,214800.0,<1H OCEAN
-118.36,34.1,37.0,7097.0,2010.0,2913.0,1939.0,2.875,300000.0,<1H OCEAN
-117.23,33.96,5.0,9179.0,1361.0,4573.0,1294.0,5.253,163300.0,INLAND
-122.84,38.41,19.0,2191.0,391.0,1065.0,404.0,4.125,204600.0,<1H OCEAN
-114.65,33.6,28.0,1678.0,322.0,666.0,256.0,2.9653,94900.0,INLAND
-118.28,33.94,9.0,456.0,130.0,438.0,114.0,0.8952,81300.0,<1H OCEAN
-118.28,34.05,41.0,1788.0,774.0,2931.0,702.0,1.4413,158900.0,<1H OCEAN
-118.26,33.88,36.0,1212.0,222.0,775.0,224.0,5.5591,136500.0,<1H OCEAN
-122.42,37.8,50.0,2494.0,731.0,958.0,712.0,3.2356,500001.0,NEAR BAY
-122.45,37.72,52.0,1729.0,319.0,890.0,300.0,4.3036,261800.0,NEAR BAY
-121.27,38.12,37.0,2232.0,504.0,1455.0,471.0,2.5587,87800.0,INLAND
-116.95,33.74,20.0,2233.0,431.0,1024.0,399.0,2.4554,89400.0,INLAND
-117.24,32.79,25.0,2135.0,691.0,566.0,320.0,2.6902,212500.0,NEAR OCEAN
-119.82,36.8,33.0,1670.0,256.0,528.0,250.0,2.9471,99500.0,INLAND
-121.22,37.72,34.0,2123.0,387.0,1310.0,368.0,2.6368,165600.0,INLAND
-118.46,34.07,43.0,2511.0,456.0,808.0,407.0,6.7703,500001.0,<1H OCEAN
-121.98,37.95,16.0,2984.0,406.0,1317.0,397.0,6.7821,265900.0,INLAND
-118.38,34.06,28.0,2522.0,616.0,991.0,574.0,3.1475,362500.0,<1H OCEAN
-121.8,37.7,22.0,5533.0,943.0,2474.0,910.0,4.7361,216800.0,INLAND
-119.53,36.78,20.0,2822.0,479.0,1372.0,455.0,4.5625,136900.0,INLAND
-118.13,33.81,37.0,1228.0,237.0,572.0,242.0,4.325,223900.0,<1H OCEAN
-117.68,34.0,5.0,3761.0,580.0,2335.0,648.0,5.7338,225400.0,INLAND
-119.29,36.53,33.0,1509.0,352.0,1734.0,336.0,1.625,50300.0,INLAND
-121.35,38.62,28.0,4175.0,796.0,2032.0,830.0,3.4299,164000.0,INLAND
-122.44,37.79,52.0,1726.0,384.0,614.0,356.0,3.6812,500000.0,NEAR BAY
-118.1,34.09,42.0,1460.0,289.0,829.0,273.0,4.875,227300.0,<1H OCEAN
-118.31,35.74,18.0,2327.0,642.0,799.0,335.0,1.8419,92300.0,INLAND
-122.22,37.81,52.0,1971.0,335.0,765.0,308.0,6.5217,273700.0,NEAR BAY
-119.05,34.13,12.0,57.0,22.0,69.0,15.0,5.0066,275000.0,NEAR OCEAN
-122.27,37.89,52.0,1978.0,293.0,723.0,272.0,5.3989,335600.0,NEAR BAY
-117.07,33.15,17.0,1893.0,297.0,936.0,287.0,5.1842,157700.0,<1H OCEAN
-121.31,38.02,24.0,4157.0,951.0,2734.0,879.0,2.7981,92100.0,INLAND
-119.26,34.28,41.0,2822.0,564.0,1288.0,541.0,3.0799,254100.0,NEAR OCEAN
-118.07,34.16,35.0,2459.0,438.0,970.0,437.0,4.2143,369400.0,INLAND
-118.23,34.09,45.0,1747.0,484.0,1680.0,441.0,2.6051,155500.0,<1H OCEAN
-121.62,39.16,16.0,2037.0,464.0,1267.0,451.0,2.4556,97100.0,INLAND
-117.93,33.87,29.0,1221.0,371.0,1822.0,326.0,1.7935,162500.0,<1H OCEAN
-120.14,34.6,22.0,2136.0,465.0,1143.0,409.0,2.9479,243100.0,NEAR OCEAN
-118.02,33.93,35.0,2400.0,398.0,1218.0,408.0,4.1312,193800.0,<1H OCEAN
-118.24,34.15,17.0,5282.0,1605.0,4116.0,1574.0,3.052,209800.0,<1H OCEAN
-117.93,34.08,35.0,689.0,128.0,379.0,128.0,3.9583,206000.0,<1H OCEAN
-118.39,34.05,42.0,1467.0,203.0,577.0,204.0,6.6368,500001.0,<1H OCEAN
-118.4,33.88,35.0,1753.0,296.0,615.0,275.0,7.5,500001.0,<1H OCEAN
-117.11,32.73,35.0,1689.0,397.0,1135.0,366.0,2.3269,97300.0,NEAR OCEAN
-116.95,32.82,19.0,5308.0,1058.0,2852.0,1092.0,2.9161,135700.0,<1H OCEAN
-122.26,37.77,52.0,1565.0,315.0,637.0,297.0,4.7778,351800.0,NEAR BAY
-117.29,34.14,48.0,1717.0,307.0,610.0,267.0,3.125,97600.0,INLAND
-117.95,33.95,29.0,4943.0,674.0,1913.0,641.0,6.8189,379300.0,<1H OCEAN
-117.52,33.88,21.0,722.0,178.0,770.0,165.0,2.5656,102500.0,INLAND
-117.63,33.47,4.0,2320.0,405.0,1408.0,477.0,6.3369,256000.0,NEAR OCEAN
-120.41,34.96,9.0,2712.0,428.0,1116.0,415.0,4.5536,190100.0,<1H OCEAN
-115.9,33.34,19.0,1210.0,248.0,329.0,155.0,1.7857,62800.0,INLAND
-118.07,33.67,13.0,5126.0,711.0,2429.0,718.0,9.5268,437900.0,NEAR OCEAN
-118.46,34.23,20.0,4609.0,1499.0,5349.0,1377.0,2.7121,169400.0,<1H OCEAN
-121.96,37.53,18.0,2375.0,652.0,1252.0,586.0,2.6198,235900.0,<1H OCEAN
-118.43,34.03,39.0,1733.0,429.0,855.0,387.0,3.2308,340800.0,<1H OCEAN
-122.11,37.66,29.0,2544.0,643.0,2332.0,603.0,3.2091,150000.0,NEAR BAY
-121.25,37.97,41.0,855.0,189.0,716.0,206.0,2.0375,75000.0,INLAND
-117.93,33.84,34.0,2160.0,298.0,852.0,305.0,6.0531,287100.0,<1H OCEAN
-118.44,33.81,33.0,3994.0,990.0,1647.0,931.0,5.0106,500001.0,NEAR OCEAN
-121.22,38.4,14.0,2655.0,441.0,1277.0,422.0,4.6989,213800.0,INLAND
-121.51,38.51,33.0,2918.0,439.0,1085.0,427.0,5.5208,171300.0,INLAND
-121.69,36.8,19.0,2164.0,410.0,1309.0,426.0,3.338,185300.0,<1H OCEAN
-117.12,32.71,24.0,421.0,101.0,396.0,113.0,0.6433,111300.0,NEAR OCEAN
-118.41,34.29,32.0,1591.0,320.0,1818.0,306.0,4.2969,145800.0,<1H OCEAN
-121.93,37.89,13.0,2085.0,292.0,852.0,264.0,7.3445,366700.0,INLAND
-118.06,33.98,42.0,1342.0,243.0,615.0,208.0,5.4381,186900.0,<1H OCEAN
-121.32,37.98,37.0,3247.0,643.0,1737.0,665.0,3.066,94100.0,INLAND
-122.19,37.42,47.0,932.0,167.0,295.0,116.0,8.4375,500001.0,NEAR OCEAN
-118.42,34.17,31.0,2235.0,363.0,914.0,370.0,6.1359,359700.0,<1H OCEAN
-121.87,37.34,52.0,1170.0,215.0,604.0,207.0,2.6667,325900.0,<1H OCEAN
-122.44,37.79,52.0,1903.0,461.0,831.0,433.0,4.4464,500001.0,NEAR BAY
-117.99,33.81,42.0,161.0,40.0,157.0,50.0,2.2,153100.0,<1H OCEAN
-117.82,33.67,15.0,1010.0,274.0,649.0,261.0,2.5197,350000.0,<1H OCEAN
-118.31,34.07,28.0,2362.0,949.0,2759.0,894.0,2.2364,305600.0,<1H OCEAN
-118.11,34.16,52.0,2489.0,437.0,1101.0,438.0,4.2065,320300.0,INLAND
-117.24,32.75,36.0,2831.0,669.0,1279.0,660.0,2.9896,252700.0,NEAR OCEAN
-121.69,36.81,18.0,2837.0,522.0,1454.0,458.0,4.5272,221000.0,<1H OCEAN
-117.46,33.95,34.0,1565.0,296.0,1142.0,328.0,3.6979,99600.0,INLAND
-118.34,34.08,52.0,2756.0,542.0,971.0,510.0,5.5871,500001.0,<1H OCEAN
-121.27,37.97,39.0,1023.0,243.0,550.0,224.0,1.1141,54400.0,INLAND
-119.32,36.2,25.0,1427.0,246.0,772.0,221.0,2.2262,64500.0,INLAND
-118.77,34.27,7.0,3074.0,794.0,1816.0,654.0,2.7137,196400.0,<1H OCEAN
-117.44,34.09,24.0,3477.0,831.0,2541.0,753.0,2.3682,97400.0,INLAND
-117.26,33.04,18.0,2229.0,346.0,1088.0,352.0,6.3525,278300.0,NEAR OCEAN
-118.0,33.86,32.0,1162.0,196.0,563.0,178.0,3.875,203000.0,<1H OCEAN
-117.99,34.14,30.0,2346.0,,1988.0,474.0,2.5625,153000.0,INLAND
-121.88,36.96,18.0,6355.0,1100.0,2304.0,972.0,6.0281,321100.0,NEAR OCEAN
-117.68,34.07,24.0,2626.0,692.0,2204.0,647.0,1.7806,135000.0,INLAND
-118.13,33.84,48.0,1895.0,294.0,881.0,293.0,6.3364,307400.0,<1H OCEAN
-119.79,36.32,19.0,3252.0,614.0,1971.0,607.0,3.0667,75800.0,INLAND
-121.32,38.26,4.0,6125.0,1063.0,3077.0,953.0,4.1179,134600.0,INLAND
-122.2,37.81,45.0,2964.0,436.0,1067.0,426.0,6.7851,323500.0,NEAR BAY
-117.98,33.83,17.0,3419.0,932.0,2460.0,766.0,3.2823,228500.0,<1H OCEAN
-119.84,36.85,8.0,3791.0,487.0,1424.0,475.0,10.5144,345900.0,INLAND
-124.23,41.75,11.0,3159.0,616.0,1343.0,479.0,2.4805,73200.0,NEAR OCEAN
-119.52,36.71,21.0,1834.0,321.0,1120.0,314.0,2.59,69300.0,INLAND
-122.38,37.34,33.0,1054.0,209.0,400.0,161.0,7.7773,456300.0,NEAR OCEAN
-118.42,34.28,35.0,822.0,200.0,1197.0,203.0,3.2865,133300.0,<1H OCEAN
-118.42,34.14,27.0,3990.0,892.0,1417.0,800.0,4.0439,500001.0,<1H OCEAN
-118.36,33.96,25.0,1849.0,518.0,1498.0,451.0,2.8378,170000.0,<1H OCEAN
-121.3,38.51,19.0,822.0,134.0,457.0,133.0,4.15,157500.0,INLAND
-118.01,34.05,31.0,1135.0,355.0,1717.0,368.0,2.1602,161700.0,<1H OCEAN
-117.4,33.85,9.0,7538.0,1125.0,3450.0,1077.0,5.4625,223600.0,INLAND
-119.03,36.13,24.0,2259.0,408.0,1169.0,395.0,1.7106,95500.0,INLAND
-120.96,37.66,15.0,2485.0,434.0,1296.0,434.0,3.8542,145200.0,INLAND
-118.15,34.08,44.0,1053.0,251.0,941.0,256.0,3.125,205600.0,<1H OCEAN
-117.85,33.84,17.0,2830.0,502.0,1370.0,459.0,5.1785,247300.0,<1H OCEAN
-121.77,36.93,24.0,1943.0,447.0,1844.0,461.0,3.0192,184300.0,<1H OCEAN
-119.82,36.19,33.0,1293.0,272.0,694.0,229.0,2.0221,52200.0,INLAND
-117.99,33.82,19.0,1991.0,528.0,1202.0,460.0,3.1538,252100.0,<1H OCEAN
-118.24,33.92,44.0,1079.0,210.0,601.0,182.0,2.2411,106400.0,<1H OCEAN
-118.04,33.81,22.0,4057.0,624.0,2204.0,643.0,5.8527,241000.0,<1H OCEAN
-119.78,38.69,17.0,1364.0,282.0,338.0,152.0,2.45,117600.0,INLAND
-118.07,33.88,17.0,2407.0,539.0,1422.0,524.0,4.2619,139700.0,<1H OCEAN
-117.38,34.06,17.0,3139.0,569.0,1612.0,516.0,3.3571,112300.0,INLAND
-118.28,34.0,42.0,855.0,284.0,890.0,247.0,1.2778,112500.0,<1H OCEAN
-121.95,36.59,22.0,3553.0,530.0,1108.0,441.0,5.8505,417100.0,NEAR OCEAN
-120.71,35.27,9.0,2568.0,421.0,1149.0,398.0,5.4287,331600.0,NEAR OCEAN
-118.29,33.92,40.0,1935.0,461.0,1616.0,433.0,2.875,120200.0,<1H OCEAN
-118.29,34.07,24.0,4021.0,1707.0,3727.0,1529.0,1.7365,112500.0,<1H OCEAN
-118.23,33.92,32.0,2698.0,640.0,1953.0,613.0,1.2222,107200.0,<1H OCEAN
-120.99,39.04,17.0,2289.0,450.0,1182.0,397.0,2.3696,166800.0,INLAND
-117.45,34.13,16.0,5058.0,965.0,3388.0,878.0,3.6417,119000.0,INLAND
-120.37,37.98,29.0,2508.0,591.0,1112.0,550.0,1.6021,91400.0,INLAND
-118.04,33.84,21.0,6623.0,1204.0,3193.0,1129.0,4.5395,256000.0,<1H OCEAN
-118.06,33.83,21.0,3941.0,655.0,1897.0,670.0,4.88,343900.0,<1H OCEAN
-121.83,39.1,42.0,1282.0,198.0,451.0,159.0,3.2917,97900.0,INLAND
-121.89,37.26,26.0,1864.0,331.0,956.0,325.0,5.5,231700.0,<1H OCEAN
-117.22,32.81,24.0,730.0,196.0,335.0,203.0,3.5078,362500.0,NEAR OCEAN
-121.63,38.04,25.0,2019.0,411.0,888.0,326.0,3.2619,183800.0,INLAND
-118.03,33.87,16.0,2306.0,393.0,1368.0,387.0,5.93,277600.0,<1H OCEAN
-116.98,33.26,12.0,5898.0,1002.0,3129.0,945.0,4.7647,254100.0,<1H OCEAN
-118.14,34.17,40.0,1054.0,251.0,1056.0,276.0,2.3,146700.0,<1H OCEAN
-122.31,38.0,26.0,3735.0,641.0,1708.0,633.0,4.621,191100.0,NEAR BAY
-117.32,34.08,41.0,1359.0,264.0,786.0,244.0,2.5208,85500.0,INLAND
-118.59,34.21,26.0,2335.0,669.0,1986.0,645.0,2.9974,178800.0,<1H OCEAN
-117.14,33.81,13.0,4496.0,756.0,2044.0,695.0,3.2778,148800.0,INLAND
-122.18,38.29,18.0,1953.0,265.0,658.0,270.0,8.0113,393000.0,NEAR BAY
-118.03,34.08,42.0,1597.0,373.0,1311.0,352.0,2.9688,162800.0,INLAND
-121.59,37.19,52.0,220.0,32.0,55.0,26.0,15.0001,131300.0,<1H OCEAN
-118.11,33.81,36.0,1252.0,209.0,558.0,214.0,3.9722,235600.0,<1H OCEAN
-118.37,33.89,21.0,2696.0,548.0,1142.0,473.0,5.6091,356800.0,<1H OCEAN
-117.15,34.04,14.0,2845.0,420.0,1172.0,377.0,7.5822,283100.0,INLAND
-121.89,37.34,20.0,1106.0,494.0,851.0,448.0,0.8894,350000.0,<1H OCEAN
-118.4,33.97,38.0,1089.0,174.0,502.0,180.0,7.5953,434800.0,<1H OCEAN
-117.9,34.09,39.0,1726.0,333.0,892.0,335.0,4.3409,191800.0,<1H OCEAN
-119.02,35.42,36.0,2044.0,447.0,1021.0,374.0,1.8472,57400.0,INLAND
-118.35,34.0,40.0,2894.0,395.0,1063.0,409.0,6.939,372000.0,<1H OCEAN
-118.31,33.97,48.0,1541.0,314.0,819.0,312.0,3.0917,136100.0,<1H OCEAN
-117.95,33.77,38.0,989.0,246.0,691.0,204.0,3.2632,180900.0,<1H OCEAN
-116.98,33.83,15.0,2228.0,472.0,653.0,350.0,2.683,139300.0,INLAND
-118.01,33.77,33.0,1387.0,238.0,890.0,264.0,5.422,204100.0,<1H OCEAN
-117.96,34.14,27.0,2221.0,542.0,1328.0,523.0,2.5275,151700.0,INLAND
-121.53,39.19,27.0,2080.0,412.0,1082.0,382.0,2.5495,98300.0,INLAND
-121.89,36.63,20.0,1834.0,554.0,971.0,514.0,3.0383,217300.0,<1H OCEAN
-117.3,33.07,16.0,3147.0,765.0,2165.0,690.0,3.5585,284800.0,NEAR OCEAN
-121.29,38.68,20.0,1881.0,378.0,921.0,360.0,1.8589,144000.0,INLAND
-124.1,40.95,17.0,1485.0,345.0,823.0,316.0,1.8993,78400.0,NEAR OCEAN
-119.14,34.17,16.0,1593.0,353.0,836.0,357.0,2.726,67500.0,NEAR OCEAN
-121.56,39.01,22.0,1891.0,340.0,1023.0,296.0,2.7303,99100.0,INLAND
-118.32,33.8,39.0,1415.0,298.0,729.0,278.0,3.1648,244800.0,<1H OCEAN
-117.25,33.06,6.0,9859.0,1448.0,4194.0,1401.0,6.439,296200.0,NEAR OCEAN
-122.45,37.77,52.0,3188.0,708.0,1526.0,664.0,3.3068,500001.0,NEAR BAY
-122.28,37.89,52.0,2315.0,408.0,835.0,369.0,4.5893,290100.0,NEAR BAY
-122.14,37.77,27.0,2229.0,365.0,1297.0,355.0,4.8304,279100.0,NEAR BAY
-117.17,32.69,19.0,2802.0,802.0,1159.0,597.0,4.7891,334600.0,NEAR OCEAN
-117.15,32.93,16.0,2718.0,438.0,1515.0,431.0,5.1433,185300.0,<1H OCEAN
-116.96,32.86,14.0,3064.0,496.0,1681.0,503.0,4.4347,160300.0,<1H OCEAN
-122.69,39.04,9.0,254.0,50.0,66.0,29.0,2.7639,112500.0,INLAND
-117.84,33.8,35.0,1490.0,251.0,629.0,257.0,4.3661,222100.0,<1H OCEAN
-118.06,34.14,42.0,2461.0,379.0,1179.0,360.0,7.0315,437300.0,INLAND
-121.13,36.2,16.0,1868.0,443.0,1323.0,436.0,2.9559,163200.0,<1H OCEAN
-118.31,33.96,43.0,2118.0,569.0,1266.0,500.0,1.747,121000.0,<1H OCEAN
-121.01,37.64,36.0,1981.0,507.0,1998.0,468.0,1.9013,69900.0,INLAND
-117.07,32.72,18.0,1758.0,286.0,987.0,277.0,4.6875,141800.0,NEAR OCEAN
-120.88,38.58,8.0,3417.0,604.0,1703.0,623.0,4.0827,170700.0,INLAND
-118.54,34.15,26.0,10111.0,1295.0,3599.0,1257.0,10.2292,500001.0,<1H OCEAN
-121.92,37.26,33.0,1306.0,259.0,762.0,237.0,4.5208,230700.0,<1H OCEAN
-122.42,37.74,52.0,1651.0,351.0,973.0,366.0,3.4583,240900.0,NEAR BAY
-117.09,32.91,9.0,2012.0,316.0,802.0,289.0,6.5706,255700.0,<1H OCEAN
-118.29,33.84,23.0,3626.0,799.0,2321.0,731.0,4.7393,237900.0,<1H OCEAN
-122.1,37.68,31.0,1892.0,428.0,1162.0,389.0,3.125,167100.0,NEAR BAY
-122.24,37.49,30.0,2956.0,590.0,1191.0,594.0,3.7463,427600.0,NEAR OCEAN
-120.99,37.64,41.0,1580.0,385.0,881.0,361.0,2.7538,99600.0,INLAND
-122.11,37.69,37.0,2444.0,651.0,1562.0,618.0,2.6464,155200.0,NEAR BAY
-122.39,37.6,44.0,2304.0,384.0,986.0,379.0,4.652,387100.0,NEAR OCEAN
-118.4,33.92,25.0,1453.0,271.0,695.0,283.0,5.9499,345800.0,<1H OCEAN
-122.16,37.7,36.0,1719.0,303.0,836.0,311.0,4.4375,193500.0,NEAR BAY
-122.09,37.6,36.0,385.0,94.0,295.0,92.0,2.9706,147900.0,NEAR BAY
-122.01,37.56,24.0,2563.0,485.0,1174.0,501.0,3.8179,216100.0,NEAR BAY
-118.19,33.86,46.0,1824.0,438.0,1200.0,451.0,3.4375,156700.0,<1H OCEAN
-121.84,39.72,52.0,1457.0,389.0,802.0,342.0,0.9566,69000.0,INLAND
-122.43,37.8,52.0,3172.0,848.0,1259.0,806.0,4.1047,466700.0,NEAR BAY
-117.85,33.83,26.0,1904.0,292.0,945.0,303.0,5.6784,232400.0,<1H OCEAN
-121.52,37.75,18.0,1544.0,272.0,825.0,286.0,4.3229,327300.0,INLAND
-122.44,37.73,43.0,3700.0,684.0,1488.0,623.0,5.5622,313600.0,NEAR BAY
-117.99,33.82,21.0,2281.0,557.0,1510.0,460.0,2.8625,189600.0,<1H OCEAN
-121.99,36.99,29.0,3119.0,507.0,1476.0,487.0,5.8123,281500.0,NEAR OCEAN
-117.67,34.05,6.0,2833.0,628.0,1717.0,589.0,3.2062,167500.0,INLAND
-117.26,32.83,24.0,1663.0,199.0,578.0,187.0,10.7721,500001.0,NEAR OCEAN
-121.81,38.01,47.0,1942.0,430.0,1074.0,393.0,2.2361,105100.0,INLAND
-117.94,33.64,18.0,1867.0,426.0,871.0,399.0,2.6221,272000.0,<1H OCEAN
-118.06,34.15,37.0,1980.0,226.0,697.0,226.0,15.0001,500001.0,INLAND
-117.68,35.61,9.0,4241.0,832.0,1929.0,742.0,3.5988,84500.0,INLAND
-118.42,34.18,40.0,1013.0,150.0,449.0,166.0,5.7143,382400.0,<1H OCEAN
-117.12,33.07,45.0,1032.0,235.0,363.0,177.0,3.6389,186600.0,<1H OCEAN
-118.41,34.02,19.0,4702.0,1472.0,2636.0,1334.0,3.3955,225000.0,<1H OCEAN
-118.06,33.83,17.0,1973.0,516.0,1112.0,501.0,3.8512,163800.0,<1H OCEAN
-120.56,35.13,15.0,5818.0,924.0,2324.0,845.0,4.4033,267600.0,<1H OCEAN
-121.4,39.33,15.0,2655.0,493.0,1200.0,432.0,3.5179,107200.0,INLAND
-119.28,35.99,20.0,2911.0,597.0,1746.0,588.0,1.7372,51000.0,INLAND
-118.3,34.08,36.0,1276.0,503.0,1502.0,450.0,2.1766,205600.0,<1H OCEAN
-117.82,33.76,27.0,3230.0,449.0,1193.0,448.0,6.5308,287800.0,<1H OCEAN
-118.35,33.89,34.0,1740.0,387.0,1249.0,375.0,4.1552,233900.0,<1H OCEAN
-122.48,37.64,7.0,120.0,21.0,50.0,27.0,12.5,281000.0,NEAR OCEAN
-117.72,34.1,32.0,3241.0,895.0,1592.0,810.0,2.4952,181800.0,INLAND
-122.16,37.77,45.0,2324.0,397.0,968.0,384.0,3.5739,176000.0,NEAR BAY
-121.48,38.52,36.0,1824.0,357.0,906.0,356.0,2.9911,96400.0,INLAND
-122.49,38.22,33.0,1486.0,290.0,781.0,274.0,3.5647,251800.0,NEAR BAY
-117.38,34.44,4.0,5083.0,867.0,2541.0,856.0,4.2414,121400.0,INLAND
-118.4,34.18,32.0,3724.0,899.0,1912.0,791.0,3.5711,312700.0,<1H OCEAN
-119.21,34.18,13.0,6103.0,1319.0,2986.0,1212.0,3.9718,215200.0,NEAR OCEAN
-117.32,34.02,17.0,1779.0,292.0,1006.0,293.0,4.6708,123100.0,INLAND
-117.69,33.6,16.0,2205.0,393.0,1333.0,402.0,3.475,279500.0,<1H OCEAN
-122.53,37.86,38.0,1183.0,196.0,628.0,205.0,3.75,478600.0,NEAR BAY
-118.43,34.25,35.0,1447.0,335.0,1630.0,306.0,2.9205,143100.0,<1H OCEAN
-118.11,34.16,52.0,3158.0,459.0,1229.0,444.0,5.4223,325600.0,INLAND
-121.28,38.68,14.0,11442.0,2690.0,6068.0,2435.0,2.6016,121200.0,INLAND
-118.12,34.69,27.0,3019.0,501.0,1580.0,523.0,3.7804,113500.0,INLAND
-117.88,34.12,33.0,1485.0,274.0,1006.0,258.0,5.1708,158500.0,<1H OCEAN
-122.42,37.66,26.0,3253.0,932.0,2246.0,855.0,2.6631,244000.0,NEAR OCEAN
-117.96,33.78,33.0,1520.0,,658.0,242.0,4.875,269300.0,<1H OCEAN
-121.94,37.54,27.0,3715.0,526.0,1631.0,538.0,6.2179,305300.0,<1H OCEAN
-114.59,34.83,41.0,812.0,,375.0,158.0,1.7083,48500.0,INLAND
-118.18,34.03,44.0,1629.0,420.0,1893.0,387.0,2.2991,137500.0,<1H OCEAN
-118.02,34.14,31.0,6854.0,1578.0,4131.0,1524.0,3.5878,222800.0,INLAND
-117.8,34.05,5.0,4536.0,1178.0,2485.0,909.0,4.1118,125900.0,<1H OCEAN
-117.03,32.77,19.0,4819.0,1492.0,2572.0,1336.0,2.3393,118200.0,<1H OCEAN
-123.12,40.54,23.0,1091.0,217.0,539.0,201.0,1.8696,61500.0,INLAND
-117.01,33.97,18.0,4775.0,886.0,1868.0,836.0,2.3355,118800.0,INLAND
-117.38,33.67,17.0,10145.0,2306.0,4776.0,1749.0,2.2423,132600.0,<1H OCEAN
-117.11,32.67,43.0,515.0,146.0,445.0,140.0,1.6094,93000.0,NEAR OCEAN
-118.0,33.81,17.0,2142.0,436.0,946.0,412.0,3.7059,146300.0,<1H OCEAN
-120.86,37.77,28.0,1208.0,232.0,535.0,232.0,2.3523,94700.0,INLAND
-118.59,34.11,35.0,2396.0,472.0,1054.0,457.0,6.4504,407000.0,<1H OCEAN
-118.31,33.92,35.0,1307.0,246.0,672.0,219.0,4.8456,146400.0,<1H OCEAN
-117.96,34.08,33.0,4151.0,850.0,3563.0,848.0,3.1912,159900.0,<1H OCEAN
-118.52,34.21,36.0,1328.0,287.0,823.0,273.0,4.5648,193700.0,<1H OCEAN
-121.4,38.53,38.0,152.0,30.0,65.0,35.0,0.9274,67500.0,INLAND
-118.41,34.15,24.0,3891.0,866.0,1568.0,830.0,4.1656,364700.0,<1H OCEAN
-117.07,32.69,20.0,2192.0,406.0,1766.0,393.0,4.0921,135000.0,NEAR OCEAN
-121.91,37.34,35.0,2189.0,607.0,1193.0,562.0,2.8042,240900.0,<1H OCEAN
-118.02,34.14,34.0,1077.0,257.0,478.0,199.0,2.6316,252800.0,INLAND
-119.17,34.27,24.0,4165.0,646.0,2194.0,658.0,6.0661,234800.0,NEAR OCEAN
-118.99,35.39,36.0,1438.0,348.0,1054.0,341.0,1.8319,55400.0,INLAND
-115.99,33.4,15.0,1945.0,536.0,515.0,273.0,2.0109,54300.0,INLAND
-117.33,33.19,15.0,3672.0,845.0,1827.0,796.0,2.9716,173600.0,NEAR OCEAN
-122.04,37.35,28.0,1582.0,264.0,696.0,270.0,5.678,370100.0,<1H OCEAN
-117.03,32.95,19.0,4500.0,815.0,2456.0,782.0,4.5032,168900.0,<1H OCEAN
-118.19,33.8,38.0,2010.0,595.0,1535.0,525.0,1.9848,160400.0,NEAR OCEAN
-119.69,36.25,35.0,2011.0,349.0,970.0,300.0,2.395,94100.0,INLAND
-121.95,37.28,19.0,7027.0,1847.0,3759.0,1753.0,3.1509,242900.0,<1H OCEAN
-121.23,40.01,38.0,725.0,190.0,219.0,115.0,1.625,75000.0,INLAND
-118.21,34.07,31.0,1077.0,300.0,1198.0,274.0,2.1333,160200.0,<1H OCEAN
-118.45,34.27,33.0,1194.0,229.0,839.0,230.0,3.705,185800.0,<1H OCEAN
-117.71,34.1,52.0,567.0,152.0,2688.0,126.0,1.875,212500.0,INLAND
-117.75,34.08,33.0,1067.0,194.0,600.0,201.0,4.0368,139100.0,INLAND
-122.2,37.88,36.0,1065.0,160.0,398.0,155.0,7.7736,378100.0,NEAR BAY
-118.31,34.07,40.0,2657.0,794.0,2149.0,749.0,2.2653,445000.0,<1H OCEAN
-121.37,38.57,16.0,3895.0,896.0,1762.0,855.0,2.6635,135800.0,INLAND
-119.88,36.83,2.0,4055.0,735.0,1730.0,654.0,4.2132,96500.0,INLAND
-122.08,37.88,24.0,2059.0,462.0,410.0,294.0,2.3971,99400.0,NEAR BAY
-123.17,39.18,14.0,2240.0,327.0,1030.0,308.0,5.9585,214900.0,<1H OCEAN
-117.25,34.12,17.0,3107.0,752.0,2160.0,643.0,1.8463,72600.0,INLAND
-118.02,34.1,36.0,452.0,80.0,248.0,83.0,1.9688,226000.0,INLAND
-122.34,37.57,28.0,3751.0,949.0,1691.0,846.0,3.9728,300000.0,NEAR OCEAN
-119.47,35.4,32.0,2167.0,421.0,1301.0,394.0,1.9718,69800.0,INLAND
-120.85,37.57,27.0,819.0,157.0,451.0,150.0,3.4934,193800.0,INLAND
-122.42,37.74,52.0,2019.0,418.0,999.0,448.0,4.2212,271300.0,NEAR BAY
-122.46,37.88,35.0,2492.0,409.0,812.0,373.0,8.8386,500001.0,NEAR BAY
-119.83,36.77,23.0,2168.0,503.0,1190.0,425.0,2.625,71600.0,INLAND
-121.45,38.53,34.0,1717.0,354.0,848.0,306.0,2.4741,87000.0,INLAND
-118.42,33.96,44.0,1282.0,216.0,494.0,209.0,5.618,365900.0,<1H OCEAN
-117.98,33.72,28.0,3109.0,561.0,1891.0,562.0,5.2655,243100.0,<1H OCEAN
-121.27,38.13,52.0,1081.0,257.0,437.0,225.0,2.1979,114100.0,INLAND
-117.87,33.91,16.0,2434.0,455.0,1017.0,476.0,4.2188,176300.0,<1H OCEAN
-122.43,37.75,52.0,2700.0,595.0,1181.0,575.0,3.575,396800.0,NEAR BAY
-117.91,33.84,16.0,919.0,253.0,912.0,249.0,1.5903,165400.0,<1H OCEAN
-117.67,34.13,10.0,2846.0,362.0,1221.0,355.0,7.7234,304100.0,INLAND
-117.92,34.06,34.0,2819.0,609.0,1718.0,558.0,3.5547,197600.0,<1H OCEAN
-118.12,33.95,35.0,1604.0,280.0,802.0,280.0,5.752,291000.0,<1H OCEAN
-122.48,37.93,16.0,2947.0,802.0,1385.0,743.0,3.6731,318000.0,NEAR BAY
-122.42,37.6,34.0,3562.0,565.0,1542.0,563.0,5.8783,405100.0,NEAR OCEAN
-119.21,34.26,23.0,2887.0,540.0,1508.0,518.0,3.3452,217600.0,NEAR OCEAN
-116.74,33.62,11.0,2385.0,661.0,682.0,242.0,2.9141,214300.0,INLAND
-122.05,37.36,27.0,2621.0,513.0,1063.0,523.0,3.9848,409700.0,<1H OCEAN
-117.34,33.15,19.0,5710.0,1423.0,4163.0,1406.0,3.0306,178500.0,NEAR OCEAN
-118.29,34.03,22.0,3313.0,1235.0,2381.0,1063.0,0.7473,168800.0,<1H OCEAN
-121.28,38.03,11.0,826.0,150.0,684.0,166.0,3.9265,107400.0,INLAND
-119.69,36.41,38.0,1016.0,202.0,540.0,187.0,2.2885,75000.0,INLAND
-118.84,34.15,17.0,3785.0,494.0,1527.0,507.0,8.4443,358500.0,<1H OCEAN
-118.46,33.97,19.0,2461.0,521.0,777.0,447.0,10.0,500001.0,<1H OCEAN
-122.08,37.4,19.0,3565.0,858.0,1639.0,744.0,4.1544,277000.0,NEAR BAY
-119.25,35.75,36.0,1598.0,443.0,1658.0,417.0,1.517,52100.0,INLAND
-118.41,34.32,18.0,6572.0,1105.0,3473.0,1067.0,5.2987,203400.0,<1H OCEAN
-122.4,38.34,33.0,1408.0,273.0,520.0,212.0,3.5781,242500.0,<1H OCEAN
-118.38,33.85,31.0,3533.0,729.0,1647.0,679.0,5.5843,384600.0,<1H OCEAN
-118.23,33.89,16.0,5003.0,1180.0,4145.0,1159.0,2.1389,133400.0,<1H OCEAN
-120.96,37.67,18.0,1442.0,229.0,538.0,220.0,4.2969,163200.0,INLAND
-118.54,34.27,28.0,2309.0,300.0,931.0,302.0,6.7415,348200.0,<1H OCEAN
-117.29,33.19,18.0,6235.0,1233.0,4127.0,1162.0,3.0704,151600.0,NEAR OCEAN
-119.46,36.61,13.0,1348.0,258.0,719.0,246.0,3.625,108300.0,INLAND
-118.45,34.31,9.0,1739.0,358.0,820.0,323.0,4.0556,182500.0,<1H OCEAN
-117.92,33.85,44.0,1231.0,258.0,682.0,244.0,3.2344,170100.0,<1H OCEAN
-118.37,34.17,10.0,1431.0,473.0,1438.0,429.0,2.2756,221400.0,<1H OCEAN
-118.17,34.11,26.0,4971.0,996.0,2370.0,932.0,4.9676,381400.0,<1H OCEAN
-118.08,33.99,38.0,1683.0,328.0,1369.0,339.0,3.6196,170700.0,<1H OCEAN
-117.95,33.86,35.0,2478.0,431.0,1333.0,427.0,5.2099,191400.0,<1H OCEAN
-118.18,34.11,33.0,1523.0,391.0,753.0,298.0,2.6591,183800.0,<1H OCEAN
-120.84,37.05,8.0,1944.0,283.0,814.0,276.0,5.3988,165500.0,INLAND
-117.93,33.88,45.0,1306.0,293.0,585.0,260.0,4.0812,241700.0,<1H OCEAN
-118.98,35.4,34.0,813.0,171.0,440.0,170.0,2.8393,69800.0,INLAND
-122.08,40.64,14.0,3099.0,519.0,1447.0,494.0,4.0132,141200.0,INLAND
-121.91,37.31,28.0,3104.0,811.0,1488.0,754.0,3.6429,332600.0,<1H OCEAN
-121.81,37.25,20.0,3398.0,771.0,1231.0,744.0,2.0288,350000.0,<1H OCEAN
-121.04,38.95,22.0,1931.0,445.0,1009.0,407.0,2.75,153200.0,INLAND
-118.49,34.04,50.0,2597.0,340.0,964.0,339.0,13.3036,500001.0,<1H OCEAN
-118.3,33.72,35.0,2790.0,,1167.0,441.0,6.2028,361500.0,NEAR OCEAN
-118.19,34.06,32.0,555.0,159.0,748.0,163.0,1.9762,137500.0,<1H OCEAN
-117.87,33.87,16.0,1332.0,368.0,1534.0,295.0,3.0227,297100.0,<1H OCEAN
-121.07,39.04,9.0,2374.0,372.0,884.0,333.0,4.5042,206400.0,INLAND
-122.0,37.51,7.0,6352.0,1390.0,3223.0,1316.0,4.9867,181700.0,<1H OCEAN
-117.25,32.74,40.0,2186.0,549.0,953.0,515.0,2.8007,257100.0,NEAR OCEAN
-117.07,32.81,15.0,2000.0,402.0,778.0,369.0,4.3594,224200.0,<1H OCEAN
-122.45,40.56,17.0,1712.0,307.0,963.0,329.0,3.9375,148700.0,INLAND
-118.11,33.85,36.0,2418.0,389.0,1138.0,387.0,4.8393,216300.0,<1H OCEAN
-118.98,36.06,33.0,2043.0,443.0,1497.0,417.0,2.343,47400.0,INLAND
-121.73,36.85,22.0,1304.0,278.0,887.0,227.0,3.6607,206300.0,<1H OCEAN
-118.01,33.66,19.0,4559.0,1045.0,1949.0,910.0,4.355,429200.0,NEAR OCEAN
-121.06,38.51,6.0,6873.0,959.0,2354.0,931.0,6.8869,263100.0,INLAND
-122.14,38.02,44.0,1625.0,432.0,825.0,385.0,2.0523,133900.0,NEAR BAY
-118.17,33.86,44.0,1701.0,396.0,1091.0,384.0,3.025,162300.0,<1H OCEAN
-120.81,38.89,17.0,1438.0,324.0,675.0,268.0,2.9444,119300.0,INLAND
-117.05,32.63,31.0,4911.0,861.0,2334.0,843.0,4.1958,160100.0,NEAR OCEAN
-122.44,37.75,21.0,5457.0,1247.0,2304.0,1180.0,4.5469,409700.0,NEAR BAY
-120.0,38.9,21.0,1653.0,419.0,737.0,308.0,1.9727,114100.0,INLAND
-118.65,34.27,23.0,1724.0,265.0,934.0,306.0,6.0783,229200.0,<1H OCEAN
-121.5,38.57,9.0,745.0,175.0,297.0,160.0,3.358,77500.0,INLAND
-118.13,33.9,35.0,1458.0,261.0,686.0,236.0,3.9038,202700.0,<1H OCEAN
-120.71,37.39,11.0,1479.0,341.0,1476.0,327.0,3.2721,73800.0,INLAND
-117.9,33.74,24.0,1435.0,494.0,3171.0,504.0,3.0833,151700.0,<1H OCEAN
-120.99,37.61,39.0,512.0,132.0,443.0,127.0,1.2857,60000.0,INLAND
-122.07,37.44,21.0,4599.0,986.0,2756.0,943.0,2.9817,225000.0,NEAR BAY
-121.88,37.33,36.0,1904.0,689.0,3561.0,632.0,2.0972,187500.0,<1H OCEAN
-117.77,33.76,19.0,3532.0,402.0,1200.0,426.0,11.0124,500001.0,<1H OCEAN
-118.19,33.93,42.0,1829.0,391.0,1614.0,377.0,3.1912,146400.0,<1H OCEAN
-118.73,34.27,23.0,4550.0,762.0,2301.0,744.0,4.556,205300.0,<1H OCEAN
-121.9,37.27,28.0,4538.0,685.0,1996.0,667.0,5.4609,263600.0,<1H OCEAN
-121.53,38.51,20.0,6132.0,1324.0,2595.0,1174.0,3.1607,178900.0,INLAND
-118.02,34.06,26.0,2929.0,970.0,3792.0,817.0,2.2577,173800.0,<1H OCEAN
-118.37,33.88,20.0,2439.0,474.0,1219.0,497.0,5.9619,335900.0,<1H OCEAN
-117.57,33.87,27.0,1786.0,287.0,939.0,278.0,5.1929,165000.0,INLAND
-121.96,38.36,11.0,3208.0,790.0,1772.0,694.0,2.7434,218800.0,INLAND
-121.02,37.58,36.0,1285.0,270.0,706.0,273.0,1.7169,121400.0,INLAND
-121.93,38.31,25.0,185.0,32.0,85.0,32.0,4.875,250000.0,INLAND
-122.04,37.95,29.0,866.0,138.0,341.0,133.0,4.7188,197100.0,NEAR BAY
-121.7,39.07,26.0,2668.0,510.0,1437.0,505.0,3.3125,100000.0,INLAND
-118.42,34.27,35.0,674.0,153.0,808.0,173.0,2.6667,147800.0,<1H OCEAN
-122.24,37.8,52.0,996.0,228.0,731.0,228.0,2.2697,127000.0,NEAR BAY
-121.83,37.2,6.0,3694.0,574.0,1554.0,527.0,6.8333,348000.0,<1H OCEAN
-118.4,33.97,44.0,2825.0,453.0,1221.0,461.0,5.9544,377200.0,<1H OCEAN
-119.72,34.43,30.0,2491.0,656.0,1091.0,576.0,2.5139,279500.0,<1H OCEAN
-117.7,33.47,21.0,1857.0,399.0,881.0,380.0,3.8403,350000.0,<1H OCEAN
-118.29,34.09,39.0,336.0,173.0,586.0,151.0,1.8056,262500.0,<1H OCEAN
-121.64,36.66,24.0,3174.0,506.0,1466.0,535.0,5.2285,248100.0,<1H OCEAN
-122.1,37.66,34.0,656.0,115.0,342.0,112.0,4.6875,200600.0,NEAR BAY
-118.04,33.94,37.0,1328.0,273.0,1115.0,275.0,4.2051,164400.0,<1H OCEAN
-118.29,34.05,30.0,1417.0,589.0,1615.0,540.0,1.3867,193800.0,<1H OCEAN
-116.02,34.18,8.0,569.0,97.0,312.0,96.0,4.3021,94500.0,INLAND
-118.98,34.4,34.0,1328.0,244.0,795.0,227.0,4.4219,338100.0,<1H OCEAN
-122.08,37.34,23.0,2597.0,335.0,922.0,338.0,10.5142,500001.0,<1H OCEAN
-117.64,33.65,4.0,6842.0,1512.0,3256.0,1439.0,5.4132,216600.0,<1H OCEAN
-117.91,33.69,30.0,2704.0,426.0,1289.0,423.0,5.2815,229500.0,<1H OCEAN
-118.18,34.14,38.0,3039.0,487.0,1131.0,465.0,7.7116,360900.0,<1H OCEAN
-117.87,34.1,25.0,2208.0,477.0,1084.0,424.0,3.775,191700.0,<1H OCEAN
-117.97,33.73,27.0,2097.0,325.0,1217.0,331.0,5.7121,222500.0,<1H OCEAN
-116.48,33.84,5.0,5480.0,1371.0,1050.0,485.0,1.7204,137500.0,INLAND
-117.03,32.79,17.0,7352.0,1699.0,3331.0,1634.0,2.7006,166300.0,<1H OCEAN
-118.07,34.51,14.0,2798.0,459.0,1236.0,404.0,4.8667,239900.0,INLAND
-118.37,34.04,43.0,888.0,170.0,514.0,161.0,3.1827,202800.0,<1H OCEAN
-120.27,39.35,11.0,2520.0,401.0,397.0,165.0,4.665,145600.0,INLAND
-118.35,33.84,22.0,13133.0,3680.0,7180.0,3522.0,3.5414,354700.0,<1H OCEAN
-122.2,37.4,37.0,1296.0,194.0,540.0,192.0,8.2782,500001.0,NEAR OCEAN
-116.77,33.92,19.0,2307.0,525.0,1266.0,437.0,1.6875,63000.0,INLAND
-117.16,32.81,14.0,4328.0,1100.0,2046.0,1044.0,2.2899,159000.0,NEAR OCEAN
-115.59,32.79,8.0,2183.0,307.0,1000.0,287.0,6.3814,159900.0,INLAND
-120.01,38.92,23.0,964.0,246.0,485.0,198.0,1.7188,96100.0,INLAND
-118.0,33.84,29.0,2641.0,637.0,2413.0,619.0,2.8169,165100.0,<1H OCEAN
-122.04,37.99,38.0,2675.0,541.0,1378.0,480.0,3.8897,139900.0,NEAR BAY
-121.93,37.31,29.0,1377.0,430.0,969.0,399.0,2.6573,252800.0,<1H OCEAN
-119.44,36.59,32.0,1153.0,236.0,761.0,241.0,2.825,67600.0,INLAND
-118.35,34.04,41.0,1617.0,423.0,1110.0,375.0,2.4635,169400.0,<1H OCEAN
-118.38,34.19,37.0,1434.0,394.0,1667.0,404.0,2.4375,176300.0,<1H OCEAN
-117.77,33.7,3.0,3636.0,749.0,1486.0,696.0,5.5464,207500.0,<1H OCEAN
-122.27,37.86,52.0,1769.0,372.0,849.0,365.0,2.6914,218800.0,NEAR BAY
-118.02,33.89,36.0,1375.0,,670.0,221.0,5.0839,198200.0,<1H OCEAN
-122.32,37.97,29.0,2347.0,464.0,1135.0,490.0,3.9722,161000.0,NEAR BAY
-118.21,33.94,40.0,2227.0,594.0,2244.0,580.0,2.4459,143800.0,<1H OCEAN
-121.92,36.56,40.0,2124.0,449.0,643.0,341.0,5.5164,369100.0,NEAR OCEAN
-119.72,36.32,40.0,1185.0,221.0,676.0,256.0,2.2721,52600.0,INLAND
-120.4,37.98,19.0,2010.0,433.0,910.0,390.0,2.6696,121200.0,INLAND
-121.99,38.26,18.0,921.0,126.0,368.0,120.0,6.0842,261100.0,INLAND
-120.27,37.11,18.0,1277.0,234.0,674.0,238.0,2.6694,75900.0,INLAND
-117.2,32.84,32.0,2033.0,394.0,989.0,389.0,3.2583,181400.0,NEAR OCEAN
-121.85,37.66,14.0,4236.0,701.0,1833.0,663.0,5.6399,300600.0,INLAND
-118.11,33.83,36.0,1462.0,233.0,664.0,220.0,5.1171,225300.0,<1H OCEAN
-118.11,34.0,33.0,2886.0,726.0,2650.0,728.0,2.625,178700.0,<1H OCEAN
-117.3,34.05,6.0,2155.0,,1039.0,391.0,1.6675,95800.0,INLAND
-117.4,34.08,21.0,3622.0,667.0,2503.0,720.0,3.8531,105400.0,INLAND
-118.02,34.08,31.0,2402.0,632.0,2830.0,603.0,2.3333,164200.0,INLAND
-121.64,39.74,20.0,1808.0,334.0,763.0,335.0,2.3711,121800.0,INLAND
-122.78,38.41,43.0,1351.0,277.0,1011.0,297.0,2.5917,144000.0,<1H OCEAN
-117.15,32.81,34.0,1629.0,318.0,900.0,282.0,3.1458,178300.0,NEAR OCEAN
-118.16,33.85,36.0,1979.0,339.0,952.0,339.0,4.0815,216200.0,<1H OCEAN
-121.43,38.53,36.0,1488.0,294.0,846.0,279.0,3.1208,82700.0,INLAND
-117.22,33.66,12.0,1869.0,356.0,1007.0,323.0,3.125,117200.0,<1H OCEAN
-119.73,36.76,30.0,1548.0,282.0,886.0,311.0,3.1,71300.0,INLAND
-122.51,38.0,17.0,2449.0,536.0,1157.0,543.0,3.9519,274200.0,NEAR BAY
-117.92,33.74,24.0,5321.0,1063.0,4011.0,1047.0,4.3882,189300.0,<1H OCEAN
-117.93,34.12,36.0,294.0,67.0,266.0,80.0,3.5385,134400.0,INLAND
-117.46,33.94,26.0,2481.0,620.0,2411.0,552.0,1.7059,85800.0,INLAND
-121.34,38.63,13.0,3033.0,540.0,1363.0,519.0,4.0036,161700.0,INLAND
-119.47,36.69,19.0,3351.0,589.0,1578.0,542.0,3.2917,160100.0,INLAND
-122.43,37.81,52.0,4309.0,942.0,1297.0,798.0,4.6781,500001.0,NEAR BAY
-122.52,38.99,16.0,975.0,219.0,337.0,155.0,1.6607,77800.0,INLAND
-121.29,38.12,18.0,1534.0,275.0,741.0,263.0,3.9607,132500.0,INLAND
-116.14,34.45,12.0,8796.0,1721.0,11139.0,1680.0,2.2612,137500.0,INLAND
-122.44,37.73,52.0,866.0,205.0,587.0,171.0,5.0224,261900.0,NEAR BAY
-120.76,38.12,7.0,7188.0,1288.0,3175.0,1115.0,3.8488,130600.0,INLAND
-124.07,40.81,23.0,2103.0,411.0,1019.0,387.0,2.9911,119700.0,NEAR OCEAN
-122.02,38.26,20.0,3899.0,763.0,2198.0,779.0,3.2061,120400.0,INLAND
-119.74,36.8,18.0,10862.0,2401.0,5466.0,2209.0,2.4678,74300.0,INLAND
-118.24,34.01,30.0,405.0,86.0,376.0,68.0,1.7813,127500.0,<1H OCEAN
-122.74,38.45,17.0,3064.0,588.0,1704.0,590.0,3.9329,170900.0,<1H OCEAN
